"","X","DATEym","Freq.101...200.Employees","Freq.15...100.Employees","Freq.201...500.Employees","Freq.501..Employees","Freq.Under.15.Employees","Freq.Unknown.Number.Of.Employees","Freq.Elected.Official.Fed..Govt","Freq.Elected.Official.State.Local","Freq.Federal.Government.Agency","Freq.Joint.Apprenticeship","Freq.Other.Firm.Type","Freq.Private.College.University","Freq.Private.College.University..Inactive.Code.","Freq.Private.Elem.Secondary.School","Freq.Private.Employer","Freq.Private.Employment.Agency","Freq.Public.College.University","Freq.Public.Elem.Secondary.School","Freq.Public.Employment.Agency","Freq.State.Local.Govt","Freq.Union","Freq.CP.Sex.Not.Available.Applicable","Freq.Female","Freq.Male","Count.Report","prop.fem","prop.priv","LaborMomen","CivEmployRate","X1","DATEymd","SeasCount.Report"
"1",1,"1995-10",44,207,36,104,0,11,0,0,0,0,2,1,0,0,355,2,3,7,0,33,1,0,365,39,404,0.903465346534653,0.886138613861386,-0.21821,79.8143185735671,1,1995-10-01,380.187152777778
"2",2,"1995-11",38,161,26,83,0,13,0,0,0,0,2,0,0,0,295,0,0,1,0,22,3,0,303,20,323,0.938080495356037,0.913312693498452,-0.28461,79.6826397128103,2,1995-11-01,330.549652777778
"3",3,"1995-12",25,115,24,65,0,13,0,1,0,0,2,0,0,0,217,0,2,4,0,16,0,0,217,25,242,0.896694214876033,0.896694214876033,-0.36126,79.713544735187,3,1995-12-01,269.157986111111
"4",4,"1996-01",45,214,24,81,0,11,0,2,0,0,3,3,0,0,340,0,3,3,0,21,0,0,338,37,375,0.901333333333333,0.914666666666667,-1.26449,79.745363595422,4,1996-01-01,385.722569444444
"5",5,"1996-02",41,173,26,112,3,16,0,0,0,0,0,0,0,0,329,0,2,5,0,34,2,0,333,39,372,0.895161290322581,0.884408602150538,-0.41338,79.9482190304859,5,1996-02-01,387.166319444444
"6",6,"1996-03",46,203,30,111,1,8,0,0,0,0,5,2,0,0,355,0,3,8,0,26,1,0,354,46,400,0.885,0.8925,-0.25437,80.0089633471804,6,1996-03-01,377.099652777778
"7",7,"1996-04",40,192,32,104,0,10,0,0,0,0,1,0,0,1,333,0,8,5,2,27,1,0,339,39,378,0.896825396825397,0.883597883597884,0.26205,79.9446802423778,7,1996-04-01,371.949652777778
"8",8,"1996-05",44,219,33,110,1,11,0,1,0,0,3,1,0,1,377,1,2,3,0,31,0,0,380,40,420,0.904761904761905,0.904761904761905,-0.03775,79.9931481625609,8,1996-05-01,424.201736111111
"9",9,"1996-06",28,178,29,101,2,13,0,1,0,0,1,2,0,0,312,3,5,2,0,23,2,0,319,32,351,0.908831908831909,0.903133903133903,0.03232,80.1704382698348,9,1996-06-01,347.426736111111
"10",10,"1996-07",52,206,38,102,1,16,0,1,0,0,2,1,1,0,369,0,1,1,0,38,2,0,374,42,416,0.899038461538462,0.891826923076923,0.16715,80.3692377817335,10,1996-07-01,406.187152777778
"11",11,"1996-08",44,199,36,99,0,11,0,1,2,0,1,1,0,0,350,0,4,1,0,29,1,0,345,45,390,0.884615384615385,0.9,0.27964,80.5148077295341,11,1996-08-01,375.622569444444
"12",12,"1996-09",29,120,19,68,0,16,0,0,1,0,1,3,0,0,219,0,2,1,0,26,1,0,233,21,254,0.917322834645669,0.874015748031496,0.0592,80.4302475173903,12,1996-09-01,269.728819444444
"13",13,"1996-10",50,132,33,81,1,8,0,1,0,0,1,0,1,1,275,0,0,0,1,27,1,0,282,26,308,0.915584415584416,0.899350649350649,-0.03781,80.5760321814198,13,1996-10-01,284.187152777778
"14",14,"1996-11",30,117,24,46,0,11,0,2,0,0,4,0,0,1,210,0,0,3,0,8,1,0,198,31,229,0.864628820960699,0.921397379912664,0.01369,80.4409601480056,14,1996-11-01,236.549652777778
"15",15,"1996-12",35,142,22,74,0,8,0,3,0,0,1,1,0,0,248,2,3,3,0,22,1,0,259,25,284,0.911971830985915,0.883802816901408,0.10299,80.4451522455283,15,1996-12-01,311.157986111111
"16",16,"1997-01",24,142,36,72,0,17,0,1,0,0,0,1,0,0,268,0,2,1,0,19,1,0,270,23,293,0.921501706484642,0.918088737201365,0.05786,80.5077501595881,16,1997-01-01,303.722569444444
"17",17,"1997-02",35,126,38,75,2,6,0,0,0,0,3,0,0,0,258,1,1,2,0,17,1,0,254,29,283,0.897526501766785,0.915194346289753,0.15958,80.4331461557282,17,1997-02-01,298.166319444444
"18",18,"1997-03",46,131,36,81,1,8,0,1,0,0,1,1,0,0,270,2,3,4,0,22,0,0,274,30,304,0.901315789473684,0.898026315789474,0.25786,80.6744185021619,18,1997-03-01,281.099652777778
"19",19,"1997-04",35,151,34,86,2,8,0,0,0,0,2,1,0,0,271,1,1,4,0,38,0,0,290,28,318,0.911949685534591,0.858490566037736,0.58278,80.7402822503214,19,1997-04-01,311.949652777778
"20",20,"1997-05",38,113,30,90,3,10,0,0,0,0,2,1,0,0,241,0,3,5,0,30,3,0,255,30,285,0.894736842105263,0.849122807017544,0.59271,80.6479308148789,20,1997-05-01,289.201736111111
"21",21,"1997-06",28,122,42,73,0,6,0,1,0,0,2,1,0,0,222,0,3,4,0,40,0,0,248,25,273,0.908424908424908,0.816849816849817,0.34468,80.8843262178044,21,1997-06-01,269.426736111111
"22",22,"1997-07",31,150,29,102,1,10,0,0,0,0,1,1,0,0,277,2,5,6,1,30,0,0,284,39,323,0.879256965944272,0.86687306501548,0.38645,81.0377468406144,22,1997-07-01,313.187152777778
"23",23,"1997-08",41,149,30,69,3,10,1,0,0,0,2,2,1,0,266,2,5,3,0,23,1,0,263,43,306,0.859477124183007,0.88562091503268,0.11899,81.1155860140565,23,1997-08-01,291.622569444444
"24",24,"1997-09",27,138,24,79,1,10,0,0,0,0,1,1,0,0,250,1,2,4,0,19,1,0,253,26,279,0.906810035842294,0.903225806451613,0.54148,80.9997718527384,24,1997-09-01,294.728819444444
"25",25,"1997-10",42,186,33,100,1,10,0,1,1,0,3,2,0,0,329,3,3,2,0,28,1,0,320,53,373,0.857908847184987,0.89544235924933,0.23612,81.0361303585291,25,1997-10-01,349.187152777778
"26",26,"1997-11",34,150,27,86,1,17,0,0,0,0,1,1,1,0,282,4,1,4,0,20,2,0,290,26,316,0.917721518987342,0.911392405063291,0.40923,81.029598668138,26,1997-11-01,323.549652777778
"27",27,"1997-12",40,129,25,74,1,8,0,0,0,1,0,1,0,0,242,0,1,8,0,23,2,1,249,28,278,0.89568345323741,0.87410071942446,0.27031,81.0212118436801,27,1997-12-01,305.157986111111
"28",28,"1998-01",37,131,25,74,1,7,0,0,0,0,2,1,0,0,247,2,4,1,0,19,0,0,240,36,276,0.869565217391304,0.905797101449275,0.31822,80.9274001820403,28,1998-01-01,286.722569444444
"29",29,"1998-02",28,136,38,67,1,9,0,0,0,0,3,0,0,0,244,1,4,4,0,24,0,0,250,30,280,0.892857142857143,0.875,0.36913,80.9711144494712,29,1998-02-01,295.166319444444
"30",30,"1998-03",35,156,28,75,1,15,0,0,0,0,4,0,0,0,272,1,2,2,1,27,1,0,260,50,310,0.838709677419355,0.880645161290323,0.22439,81.068127021979,30,1998-03-01,287.099652777778
"31",31,"1998-04",44,132,24,68,0,8,0,0,0,0,2,2,0,0,242,0,2,3,0,24,1,0,232,44,276,0.840579710144927,0.884057971014493,0.12679,81.1069107803269,31,1998-04-01,269.949652777778
"32",32,"1998-05",30,108,22,66,0,5,0,0,2,0,1,0,0,0,201,0,2,2,1,22,0,0,200,31,231,0.865800865800866,0.87012987012987,0.27911,81.1236366121295,32,1998-05-01,235.201736111111
"33",33,"1998-06",32,147,29,81,1,8,0,0,0,0,0,0,1,2,266,0,1,4,0,24,0,0,259,39,298,0.869127516778524,0.902684563758389,0.201,81.1146427778792,33,1998-06-01,294.426736111111
"34",34,"1998-07",39,139,29,67,1,7,0,0,0,0,4,1,0,0,261,1,0,2,0,17,0,0,237,49,286,0.828671328671329,0.91958041958042,0.09423,81.138945161563,34,1998-07-01,276.187152777778
"35",35,"1998-08",31,147,34,79,1,3,0,0,0,0,1,1,0,0,265,2,3,2,0,21,1,0,262,34,296,0.885135135135135,0.905405405405405,0.09668,81.1488534923101,35,1998-08-01,281.622569444444
"36",36,"1998-09",26,99,33,61,0,6,0,0,0,0,3,1,0,0,198,0,4,4,0,14,1,0,205,20,225,0.911111111111111,0.884444444444444,-0.2574,81.2159340445731,36,1998-09-01,240.728819444444
"37",37,"1998-10",35,137,37,89,0,12,0,0,0,0,2,0,1,0,275,3,2,1,0,25,1,0,270,40,310,0.870967741935484,0.9,-0.34612,81.1332971005759,37,1998-10-01,286.187152777778
"38",38,"1998-11",36,131,16,71,0,11,0,0,0,0,1,1,0,0,237,0,5,3,0,19,0,0,227,39,266,0.853383458646617,0.894736842105263,-0.19241,81.2533736269894,38,1998-11-01,273.549652777778
"39",39,"1998-12",40,126,37,102,0,6,0,0,0,0,0,0,0,0,280,0,3,2,0,26,0,0,265,46,311,0.852090032154341,0.90032154340836,-0.24461,81.3132505947221,39,1998-12-01,338.157986111111
"40",40,"1999-01",34,123,23,61,1,7,0,0,0,0,1,0,0,0,234,0,1,3,0,11,1,0,208,43,251,0.828685258964143,0.932270916334661,-0.23003,81.6762928697516,40,1999-01-01,261.722569444444
"41",41,"1999-02",39,141,17,72,0,8,0,0,0,0,1,0,0,1,255,1,2,2,0,17,1,0,248,32,280,0.885714285714286,0.917857142857143,0.1044,81.4114486026247,41,1999-02-01,295.166319444444
"42",42,"1999-03",44,159,37,88,2,8,0,0,0,1,0,0,0,0,300,2,3,4,0,29,0,0,304,35,339,0.896755162241888,0.890855457227139,-0.10986,81.3402622798691,42,1999-03-01,316.099652777778
"43",43,"1999-04",32,138,26,78,0,5,0,1,0,0,1,1,1,0,241,1,2,2,0,29,1,0,232,48,280,0.828571428571429,0.871428571428571,0.27061,81.3644042843053,43,1999-04-01,273.949652777778
"44",44,"1999-05",21,92,36,80,0,2,0,1,0,0,13,1,0,1,195,0,2,2,0,15,1,0,202,29,231,0.874458874458874,0.852813852813853,0.03323,81.4305094325458,44,1999-05-01,235.201736111111
"45",45,"1999-06",42,111,27,72,0,7,1,0,0,0,5,1,0,1,225,2,2,2,0,20,1,0,221,39,260,0.85,0.880769230769231,0.37394,81.4026883956721,45,1999-06-01,256.426736111111
"46",46,"1999-07",30,116,27,75,2,8,0,0,0,0,8,0,0,0,217,2,2,6,0,20,3,0,215,43,258,0.833333333333333,0.848837209302326,0.14703,81.1999985159189,46,1999-07-01,248.187152777778
"47",47,"1999-08",40,111,33,81,2,6,0,0,0,0,1,0,1,0,247,1,2,2,0,19,0,0,233,40,273,0.853479853479853,0.912087912087912,0.21643,81.2708457200853,47,1999-08-01,258.622569444444
"48",48,"1999-09",22,116,33,72,1,6,0,0,0,0,0,1,0,0,233,1,2,2,0,13,0,0,213,39,252,0.845238095238095,0.932539682539683,0.02594,81.291739443011,48,1999-09-01,267.728819444444
"49",49,"1999-10",37,143,31,87,1,5,0,1,1,0,4,0,0,0,268,5,3,3,0,21,2,0,269,39,308,0.873376623376623,0.886363636363636,0.39502,81.4233297436547,49,1999-10-01,284.187152777778
"50",50,"1999-11",38,126,33,72,1,3,0,0,0,0,2,1,2,0,244,2,6,1,0,18,1,0,239,38,277,0.862815884476534,0.898916967509025,0.42392,81.5853184481947,50,1999-11-01,284.549652777778
"51",51,"1999-12",26,119,25,97,0,6,0,0,0,0,5,0,0,0,239,2,1,1,0,22,3,0,241,32,273,0.882783882783883,0.882783882783883,0.85492,81.4809895689449,51,1999-12-01,300.157986111111
"52",52,"2000-01",22,118,36,59,0,5,0,0,0,0,2,0,0,0,209,2,1,4,0,22,1,0,221,20,241,0.91701244813278,0.87551867219917,0.4311,81.7231175244155,52,2000-01-01,251.722569444444
"53",53,"2000-02",22,132,39,90,0,8,0,0,0,0,6,1,0,0,258,1,4,1,1,20,2,1,256,37,294,0.870748299319728,0.884353741496599,0.28431,81.7251724292132,53,2000-02-01,309.166319444444
"54",54,"2000-03",51,162,33,96,1,10,0,0,0,0,6,0,0,0,305,4,3,1,1,30,3,0,306,47,353,0.86685552407932,0.875354107648725,0.12658,81.627290464598,54,2000-03-01,330.099652777778
"55",55,"2000-04",39,148,18,88,0,9,0,0,0,0,4,0,1,0,270,0,1,5,0,26,0,1,262,44,307,0.853420195439739,0.882736156351791,0.32171,81.8222545278987,55,2000-04-01,300.949652777778
"56",56,"2000-05",48,154,25,91,0,7,0,0,0,0,1,0,0,1,294,0,4,2,0,27,0,0,297,32,329,0.90273556231003,0.896656534954407,0.31178,81.4926137226681,56,2000-05-01,333.201736111111
"57",57,"2000-06",42,142,23,89,0,7,0,1,0,0,4,0,0,0,263,3,1,2,0,29,0,0,261,42,303,0.861386138613861,0.877887788778878,0.04629,81.5549287702216,57,2000-06-01,299.426736111111
"58",58,"2000-07",36,114,24,77,1,6,0,1,0,0,1,0,0,0,234,1,2,4,0,13,2,0,225,33,258,0.872093023255814,0.910852713178295,-0.05777,81.3242828491844,58,2000-07-01,248.187152777778
"59",59,"2000-08",41,131,23,82,1,11,0,1,0,0,6,0,0,0,256,2,8,4,0,12,1,1,258,31,290,0.889655172413793,0.889655172413793,-0.0566,81.2043905776195,59,2000-08-01,275.622569444444
"60",60,"2000-09",32,108,27,75,0,3,0,0,0,0,4,0,0,0,216,0,3,2,1,19,0,0,207,38,245,0.844897959183673,0.881632653061225,0.05172,81.2737905498593,60,2000-09-01,260.728819444444
"61",61,"2000-10",37,149,30,86,1,3,0,1,0,0,4,0,0,1,272,2,0,5,0,23,0,0,271,37,308,0.87987012987013,0.892857142857143,-0.24902,81.2430427711741,61,2000-10-01,284.187152777778
"62",62,"2000-11",37,148,29,89,0,6,0,0,0,0,2,1,0,0,274,1,3,5,1,21,0,0,276,33,309,0.893203883495146,0.893203883495146,-0.24291,81.405823601722,62,2000-11-01,316.549652777778
"63",63,"2000-12",35,114,16,69,0,5,0,1,0,0,1,0,1,1,202,1,3,2,0,26,1,0,204,35,239,0.853556485355649,0.857740585774059,-1.18696,81.3959090794352,63,2000-12-01,266.157986111111
"64",64,"2001-01",41,150,27,117,1,8,0,1,0,0,4,1,0,0,294,0,5,4,0,35,1,1,297,47,345,0.860869565217391,0.855072463768116,-1.3047,81.2354928127325,64,2001-01-01,355.722569444444
"65",65,"2001-02",31,121,34,76,0,12,0,0,0,0,3,1,0,0,253,2,0,0,0,17,0,0,238,38,276,0.86231884057971,0.927536231884058,-1.73752,81.1421286495836,65,2001-02-01,291.166319444444
"66",66,"2001-03",34,143,31,107,0,9,0,0,1,0,1,1,1,0,277,4,6,4,1,28,1,0,278,47,325,0.855384615384615,0.870769230769231,-1.72024,81.1542796199496,66,2001-03-01,302.099652777778
"67",67,"2001-04",43,130,36,90,0,10,0,1,0,0,2,0,0,0,272,2,4,2,0,26,0,0,269,40,309,0.870550161812298,0.886731391585761,-2.25946,80.8854653125224,67,2001-04-01,302.949652777778
"68",68,"2001-05",35,123,32,87,1,8,0,0,0,0,1,1,0,0,255,1,1,4,0,22,1,1,244,41,286,0.853146853146853,0.898601398601399,-1.76448,80.8733806951132,68,2001-05-01,290.201736111111
"69",69,"2001-06",33,142,33,83,2,4,0,0,0,0,0,1,0,0,263,0,2,4,0,27,2,1,256,42,299,0.8561872909699,0.882943143812709,-1.89824,80.6537560755031,69,2001-06-01,295.426736111111
"70",70,"2001-07",30,173,26,115,0,10,0,2,0,0,2,1,0,0,315,1,3,5,0,25,0,0,313,41,354,0.884180790960452,0.895480225988701,-1.89834,80.5559226665396,70,2001-07-01,344.187152777778
"71",71,"2001-08",36,135,27,99,3,6,0,0,0,0,2,0,0,0,270,2,3,4,0,26,0,0,260,47,307,0.846905537459283,0.885993485342019,-1.58525,80.2710544619545,71,2001-08-01,292.622569444444
"72",72,"2001-09",20,98,35,66,0,3,0,0,0,0,0,0,1,0,209,1,0,0,0,13,0,0,191,33,224,0.852678571428571,0.941964285714286,-2.39105,80.23799723646,72,2001-09-01,239.728819444444
"73",73,"2001-10",36,139,24,106,0,11,0,0,0,0,2,0,0,1,273,0,4,7,0,31,0,0,277,41,318,0.871069182389937,0.861635220125786,-2.90602,79.9386230325213,73,2001-10-01,294.187152777778
"74",74,"2001-11",32,142,27,80,0,11,0,0,0,0,4,1,0,0,253,2,0,4,2,25,2,0,260,33,293,0.887372013651877,0.873720136518771,-2.55863,79.6493236489942,74,2001-11-01,300.549652777778
"75",75,"2001-12",22,106,17,77,5,1,0,0,1,0,6,0,0,1,197,2,2,3,0,16,0,0,196,32,228,0.859649122807018,0.87719298245614,-1.9327,79.7389311260804,75,2001-12-01,255.157986111111
"76",76,"2002-01",31,116,30,98,1,8,0,0,0,0,4,0,1,0,247,3,1,1,0,26,1,0,238,46,284,0.838028169014085,0.883802816901408,-1.74574,79.543012014923,76,2002-01-01,294.722569444444
"77",77,"2002-02",31,102,19,85,0,3,0,0,0,0,5,0,0,0,199,1,3,4,0,31,0,0,208,35,243,0.8559670781893,0.823045267489712,-1.12891,79.7696788767978,77,2002-02-01,258.166319444444
"78",78,"2002-03",35,116,27,81,1,4,0,0,0,0,5,0,0,0,228,0,1,4,0,26,1,0,231,34,265,0.871698113207547,0.860377358490566,-0.53842,79.5876920817463,78,2002-03-01,242.099652777778
"79",79,"2002-04",41,130,30,115,0,9,0,0,0,0,6,2,1,0,293,0,2,2,0,20,0,0,272,54,326,0.834355828220859,0.907975460122699,-0.47509,79.4517247814246,79,2002-04-01,319.949652777778
"80",80,"2002-05",37,122,37,96,1,5,0,0,0,0,3,0,0,0,270,0,3,0,0,23,1,0,264,36,300,0.88,0.9,-0.37311,79.30457792446,80,2002-05-01,304.201736111111
"81",81,"2002-06",38,121,25,62,0,4,0,0,0,0,5,1,1,0,221,2,1,2,1,17,0,0,212,39,251,0.844621513944223,0.896414342629482,-0.52891,79.2349040598908,81,2002-06-01,247.426736111111
"82",82,"2002-07",26,141,25,93,1,5,0,0,1,0,1,2,0,1,257,2,3,4,0,20,3,0,258,36,294,0.877551020408163,0.891156462585034,-0.99017,79.13169124966,82,2002-07-01,284.187152777778
"83",83,"2002-08",32,118,22,98,1,12,0,0,0,0,2,1,1,0,256,0,1,3,0,21,0,0,237,48,285,0.831578947368421,0.905263157894737,-0.95663,79.3609884826394,83,2002-08-01,270.622569444444
"84",84,"2002-09",27,101,25,57,0,3,0,0,1,0,0,0,0,1,190,1,1,4,1,16,0,1,185,29,215,0.86046511627907,0.893023255813953,-0.85537,79.3738663772832,84,2002-09-01,230.728819444444
"85",85,"2002-10",34,164,30,100,0,12,0,0,0,0,3,1,1,0,302,1,5,4,0,23,1,1,291,49,341,0.853372434017595,0.894428152492669,-1.23975,79.2286231843118,85,2002-10-01,317.187152777778
"86",86,"2002-11",26,118,27,70,1,5,0,0,0,0,3,1,0,1,221,1,2,2,0,17,0,0,214,34,248,0.862903225806452,0.903225806451613,-1.13359,78.8257515055983,86,2002-11-01,255.549652777778
"87",87,"2002-12",20,108,18,67,1,8,0,0,0,0,0,2,0,0,198,0,1,2,0,22,1,1,189,36,226,0.836283185840708,0.884955752212389,-1.01128,79.0097658646514,87,2002-12-01,253.157986111111
"88",88,"2003-01",36,113,27,88,2,8,0,0,1,0,3,1,0,4,247,0,2,2,1,16,0,0,233,44,277,0.84115523465704,0.909747292418773,-1.07995,78.9622680970816,88,2003-01-01,287.722569444444
"89",89,"2003-02",15,112,33,68,2,8,0,0,0,0,0,3,0,0,205,1,5,3,0,21,1,1,207,31,239,0.866108786610879,0.874476987447699,-1.55772,78.8808686763765,89,2003-02-01,254.166319444444
"90",90,"2003-03",24,121,26,92,1,6,0,0,0,0,4,1,0,0,245,2,0,4,0,23,0,0,236,43,279,0.845878136200717,0.888888888888889,-1.25718,78.950841229356,90,2003-03-01,256.099652777778
"91",91,"2003-04",32,94,30,64,0,6,0,0,0,0,1,1,0,0,200,1,1,7,0,22,1,4,195,35,234,0.833333333333333,0.863247863247863,-1.38018,79.0145071335744,91,2003-04-01,227.949652777778
"92",92,"2003-05",13,97,23,60,2,2,0,0,0,0,2,0,1,0,193,1,4,4,0,10,0,10,168,38,216,0.777777777777778,0.902777777777778,-0.53636,78.7079218558261,92,2003-05-01,220.201736111111
"93",93,"2003-06",27,93,33,66,0,1,0,0,0,0,0,0,0,0,226,4,6,1,0,15,1,7,211,35,253,0.83399209486166,0.909090909090909,-0.43436,78.8331455657696,93,2003-06-01,249.426736111111
"94",94,"2003-07",22,94,24,67,2,0,0,0,0,0,0,1,0,1,210,3,1,5,0,17,0,7,201,30,238,0.84453781512605,0.903361344537815,-0.38808,78.7003230385792,94,2003-07-01,228.187152777778
"95",95,"2003-08",30,110,22,77,1,2,0,0,0,0,2,1,0,0,250,2,2,3,0,11,0,7,230,34,271,0.848708487084871,0.933579335793358,-0.28585,78.7127084581938,95,2003-08-01,256.622569444444
"96",96,"2003-09",24,90,24,68,2,8,0,0,0,0,0,0,0,0,208,0,1,3,0,11,0,2,191,30,223,0.856502242152466,0.932735426008969,-0.34229,78.616381380165,96,2003-09-01,238.728819444444
"97",97,"2003-10",31,121,26,74,1,24,0,0,0,0,0,0,0,0,252,1,3,3,0,23,2,9,235,40,284,0.827464788732394,0.890845070422535,-0.40366,78.6657646235049,97,2003-10-01,260.187152777778
"98",98,"2003-11",29,99,25,57,0,20,0,0,0,0,0,0,0,0,207,1,2,3,0,18,0,11,192,28,231,0.831168831168831,0.9004329004329,0.06295,78.8431984891785,98,2003-11-01,238.549652777778
"99",99,"2003-12",25,92,21,66,2,19,0,0,0,0,1,1,0,0,198,1,6,7,0,12,1,6,196,25,227,0.863436123348018,0.881057268722467,0.3672,78.8827054685647,99,2003-12-01,254.157986111111
"100",100,"2004-01",19,62,22,77,0,35,0,0,0,0,2,0,0,0,192,1,1,5,0,18,0,10,168,41,219,0.767123287671233,0.881278538812785,0.21256,78.9385014542046,100,2004-01-01,229.722569444444
"101",101,"2004-02",26,94,20,70,1,36,0,0,0,0,0,2,0,1,221,2,3,1,0,18,2,4,209,37,250,0.836,0.904,0.15596,78.8142748131563,101,2004-02-01,265.166319444444
"102",102,"2004-03",32,115,27,81,4,33,0,0,0,0,3,1,0,0,267,3,3,6,0,12,1,11,239,46,296,0.807432432432432,0.915540540540541,0.34559,78.7362155213809,102,2004-03-01,273.099652777778
"103",103,"2004-04",24,93,25,56,3,14,0,0,0,0,3,3,0,0,189,2,2,0,2,17,0,6,184,28,218,0.844036697247706,0.889908256880734,0.42928,78.888622841587,103,2004-04-01,211.949652777778
"104",104,"2004-05",25,87,20,59,0,30,0,1,0,0,1,2,0,0,204,2,2,2,0,12,0,10,182,34,226,0.805309734513274,0.920353982300885,0.65482,78.9269205306794,104,2004-05-01,230.201736111111
"105",105,"2004-06",34,105,17,72,0,31,0,0,0,0,2,0,0,0,223,1,2,2,2,24,4,10,219,31,260,0.842307692307692,0.861538461538462,0.61858,79.0399765488908,105,2004-06-01,256.426736111111
"106",106,"2004-07",22,82,24,87,1,22,0,0,0,0,1,1,0,0,201,1,3,2,3,27,0,9,194,36,239,0.811715481171548,0.849372384937239,0.56351,79.160042077011,106,2004-07-01,229.187152777778
"107",107,"2004-08",35,113,25,71,1,23,0,0,0,0,1,1,0,0,242,3,2,3,0,17,0,13,213,43,269,0.79182156133829,0.91449814126394,0.27796,79.0312456362007,107,2004-08-01,254.622569444444
"108",108,"2004-09",27,113,20,60,0,44,0,0,0,0,0,0,0,0,235,4,1,2,5,18,0,8,212,45,265,0.8,0.90188679245283,0.33345,79.0484760394864,108,2004-09-01,280.728819444444
"109",109,"2004-10",23,114,32,63,1,32,0,0,0,0,1,1,0,0,236,3,5,5,1,15,0,13,215,39,267,0.805243445692884,0.898876404494382,0.34664,79.0541503734606,109,2004-10-01,243.187152777778
"110",110,"2004-11",30,109,20,75,2,33,0,0,0,0,2,1,0,1,238,2,1,2,3,22,0,15,218,39,272,0.801470588235294,0.889705882352941,0.2408,79.1739456326985,110,2004-11-01,279.549652777778
"111",111,"2004-12",24,78,22,61,1,26,0,0,0,0,0,1,0,0,195,1,0,1,0,15,0,5,174,34,213,0.816901408450704,0.924882629107981,0.24324,78.9925262506871,111,2004-12-01,240.157986111111
"112",112,"2005-01",26,94,13,57,1,19,0,0,0,0,1,0,0,0,185,1,3,2,3,16,1,9,176,27,212,0.830188679245283,0.877358490566038,0.11962,79.0986573669991,112,2005-01-01,222.722569444444
"113",113,"2005-02",20,93,17,64,2,27,0,0,0,0,2,1,0,0,200,1,3,1,1,15,3,10,175,42,227,0.770925110132159,0.889867841409692,0.24596,79.1624882740056,113,2005-02-01,242.166319444444
"114",114,"2005-03",36,92,23,56,0,37,0,0,0,0,1,1,0,1,220,2,4,2,1,13,0,10,203,32,245,0.828571428571429,0.914285714285714,0.10894,79.1386642361288,114,2005-03-01,222.099652777778
"115",115,"2005-04",23,104,29,98,1,29,0,0,0,0,2,3,0,2,259,2,2,3,0,12,1,8,240,38,286,0.839160839160839,0.93006993006993,0.29142,79.3819363513321,115,2005-04-01,279.949652777778
"116",116,"2005-05",21,99,16,53,0,30,0,0,0,0,2,0,0,0,195,1,1,2,1,22,1,7,175,43,225,0.777777777777778,0.871111111111111,-0.01483,79.443596032804,116,2005-05-01,229.201736111111
"117",117,"2005-06",22,100,26,61,0,33,0,0,0,0,1,0,0,0,224,0,2,2,0,12,1,6,210,26,242,0.867768595041322,0.925619834710744,0.03229,79.2376402299835,117,2005-06-01,238.426736111111
"118",118,"2005-07",26,106,24,75,0,31,0,0,0,0,2,0,0,0,240,0,2,4,1,14,1,11,222,31,264,0.840909090909091,0.909090909090909,-0.0077,79.4415698479633,118,2005-07-01,254.187152777778
"119",119,"2005-08",28,116,19,59,1,29,0,0,0,0,0,2,0,0,234,2,2,4,2,9,0,11,210,34,255,0.823529411764706,0.933333333333333,0.15395,79.6304493393664,119,2005-08-01,240.622569444444
"120",120,"2005-09",20,71,27,63,2,22,0,0,0,0,1,0,0,0,185,0,3,2,1,13,1,5,173,28,206,0.839805825242718,0.898058252427185,-0.15232,79.4578096379624,120,2005-09-01,221.728819444444
"121",121,"2005-10",17,99,14,57,0,26,0,0,0,0,1,0,0,0,193,1,5,1,0,12,0,7,169,37,213,0.793427230046948,0.910798122065728,-0.20915,79.4136160189067,121,2005-10-01,189.187152777778
"122",122,"2005-11",23,111,12,52,0,27,0,0,0,0,4,0,0,0,201,1,2,4,1,15,0,9,187,32,228,0.820175438596491,0.885964912280702,0.11811,79.326452155502,122,2005-11-01,235.549652777778
"123",123,"2005-12",20,89,18,53,0,17,0,0,0,0,0,2,0,0,174,4,1,2,0,14,0,2,164,31,197,0.83248730964467,0.913705583756345,-0.19736,79.4038409158521,123,2005-12-01,224.157986111111
"124",124,"2006-01",18,90,20,57,0,23,0,0,0,0,1,1,0,0,180,2,3,1,2,20,0,5,179,26,210,0.852380952380952,0.871428571428571,0.07887,79.4812698097738,124,2006-01-01,220.722569444444
"125",125,"2006-02",20,100,18,51,1,25,0,0,0,0,1,2,0,1,191,0,1,3,0,18,1,5,179,34,218,0.821100917431193,0.889908256880734,-0.07272,79.5237237443395,125,2006-02-01,233.166319444444
"126",126,"2006-03",23,109,21,69,2,44,0,0,0,0,1,0,0,1,252,0,3,1,0,14,0,7,224,41,272,0.823529411764706,0.930147058823529,0.04912,79.6823084483528,126,2006-03-01,249.099652777778
"127",127,"2006-04",30,98,13,62,0,23,0,0,0,0,3,0,0,0,212,0,2,1,0,11,1,3,188,39,230,0.817391304347826,0.921739130434783,0.03036,79.5932452764006,127,2006-04-01,223.949652777778
"128",128,"2006-05",15,101,26,67,1,38,0,0,0,0,0,0,0,0,222,3,0,5,2,20,0,6,207,39,252,0.821428571428571,0.892857142857143,-0.09163,79.6725199661244,128,2006-05-01,256.201736111111
"129",129,"2006-06",29,106,14,79,2,24,0,0,0,0,4,0,0,0,230,1,1,4,0,18,1,10,219,30,259,0.845559845559846,0.891891891891892,-0.27394,79.7515307681088,129,2006-06-01,255.426736111111
"130",130,"2006-07",22,113,22,49,1,29,0,0,0,0,0,1,0,1,211,1,2,3,1,17,0,6,191,40,237,0.805907172995781,0.90295358649789,-0.12733,79.7449296233625,130,2006-07-01,227.187152777778
"131",131,"2006-08",19,115,21,69,0,22,0,0,0,0,0,0,0,0,223,1,0,3,1,21,0,6,210,33,249,0.843373493975904,0.899598393574297,-0.23744,79.7401004195623,131,2006-08-01,234.622569444444
"132",132,"2006-09",24,116,27,60,1,23,0,0,0,0,0,0,0,0,227,4,2,1,2,16,1,7,211,35,253,0.83399209486166,0.91304347826087,-0.3111,79.8979537238104,132,2006-09-01,268.728819444444
"133",133,"2006-10",17,118,19,64,2,28,0,0,0,0,1,0,0,0,223,0,2,6,0,19,1,4,219,29,252,0.869047619047619,0.884920634920635,-0.26064,80.2134051248384,133,2006-10-01,228.187152777778
"134",134,"2006-11",22,115,22,67,1,37,0,0,0,0,0,0,0,1,243,1,2,3,0,19,0,4,223,42,269,0.828996282527881,0.910780669144981,-0.31071,80.0983122737295,134,2006-11-01,276.549652777778
"135",135,"2006-12",10,69,17,62,1,30,0,0,0,0,1,0,0,0,167,1,2,2,0,17,0,4,158,28,190,0.831578947368421,0.884210526315789,-0.28067,80.1370234792814,135,2006-12-01,217.157986111111
"136",136,"2007-01",14,111,17,65,0,29,0,0,0,0,1,1,0,0,217,0,1,1,0,16,2,5,193,41,239,0.807531380753138,0.912133891213389,0.00276,80.1570112720318,136,2007-01-01,249.722569444444
"137",137,"2007-02",25,104,17,57,2,33,0,1,0,0,0,0,0,0,211,2,1,2,1,21,0,7,204,28,239,0.853556485355649,0.891213389121339,-0.2103,79.976237321886,137,2007-02-01,254.166319444444
"138",138,"2007-03",24,74,27,81,2,28,0,0,0,0,0,0,0,0,212,1,4,1,2,19,1,5,191,44,240,0.795833333333333,0.8875,-0.03935,80.1597495602628,138,2007-03-01,217.099652777778
"139",139,"2007-04",34,85,20,59,2,25,0,0,0,0,2,1,0,0,205,0,2,2,0,16,1,7,182,40,229,0.794759825327511,0.899563318777293,-0.23376,80.0211142175286,139,2007-04-01,222.949652777778
"140",140,"2007-05",29,85,20,83,3,31,0,0,0,0,1,2,0,2,223,5,1,5,1,20,0,6,216,38,260,0.830769230769231,0.892307692307692,-0.1752,80.0785145140326,140,2007-05-01,264.201736111111
"141",141,"2007-06",17,75,25,51,0,48,0,0,0,0,1,0,0,0,194,1,3,3,2,17,1,13,174,35,222,0.783783783783784,0.878378378378378,-0.18984,79.9640164531831,141,2007-06-01,218.426736111111
"142",142,"2007-07",22,96,21,62,5,46,0,0,0,0,2,1,0,0,234,2,1,9,0,10,2,9,212,40,261,0.812260536398467,0.908045977011494,-0.27502,79.7970898944863,142,2007-07-01,251.187152777778
"143",143,"2007-08",25,113,27,61,2,58,0,0,0,0,1,0,0,1,264,1,4,4,4,17,0,13,241,42,296,0.814189189189189,0.898648648648649,-0.45604,79.864576418203,143,2007-08-01,281.622569444444
"144",144,"2007-09",14,84,20,66,1,36,0,0,0,0,2,1,0,1,212,4,1,4,0,9,1,14,198,23,235,0.842553191489362,0.927659574468085,-0.40435,79.860833338401,144,2007-09-01,250.728819444444
"145",145,"2007-10",20,115,37,88,3,45,0,0,0,0,2,2,0,2,271,4,3,6,0,27,2,7,267,45,319,0.836990595611285,0.874608150470219,-0.36613,79.7864405351584,145,2007-10-01,295.187152777778
"146",146,"2007-11",26,95,21,96,4,43,0,1,0,0,1,1,0,1,268,2,1,5,0,20,0,20,235,46,301,0.780730897009967,0.903654485049834,-0.45171,79.9276209692246,146,2007-11-01,308.549652777778
"147",147,"2007-12",27,78,24,67,1,19,0,0,0,0,0,0,0,0,198,1,2,3,0,19,1,16,167,41,224,0.745535714285714,0.888392857142857,-0.47531,79.8102863829334,147,2007-12-01,251.157986111111
"148",148,"2008-01",24,109,24,82,3,31,0,0,0,0,2,2,0,0,254,1,0,4,0,18,1,7,232,44,283,0.819787985865724,0.908127208480565,-0.81615,79.8261482665792,148,2008-01-01,293.722569444444
"149",149,"2008-02",20,114,23,89,3,26,0,1,0,0,1,2,0,0,260,0,0,4,0,14,0,8,228,46,282,0.808510638297872,0.929078014184397,-1.12857,79.6824374369453,149,2008-02-01,297.166319444444
"150",150,"2008-03",26,96,32,88,0,26,0,0,0,0,2,5,0,0,244,1,1,0,1,23,3,12,215,53,280,0.767857142857143,0.892857142857143,-1.21163,79.6026938704571,150,2008-03-01,257.099652777778
"151",151,"2008-04",20,105,31,85,2,18,0,0,0,0,0,2,0,0,244,0,1,4,1,16,1,10,215,44,269,0.799256505576208,0.91449814126394,-1.58702,79.5466703711526,151,2008-04-01,262.949652777778
"152",152,"2008-05",15,109,26,80,2,33,0,0,0,0,0,1,0,0,248,2,1,4,1,22,0,22,207,50,279,0.741935483870968,0.899641577060932,-1.74946,79.377958800407,152,2008-05-01,283.201736111111
"153",153,"2008-06",21,101,21,78,3,21,0,0,0,0,1,0,0,2,231,2,2,4,1,18,0,14,210,38,262,0.801526717557252,0.896946564885496,-1.85455,79.311143085033,153,2008-06-01,258.426736111111
"154",154,"2008-07",24,100,28,78,1,25,0,0,0,0,0,2,0,0,239,3,5,4,1,20,0,13,218,43,274,0.795620437956204,0.89051094890511,-1.80964,79.1912253393472,154,2008-07-01,264.187152777778
"155",155,"2008-08",20,82,30,82,2,17,0,0,0,0,0,1,0,0,213,0,3,1,0,23,1,12,173,57,242,0.714876033057851,0.884297520661157,-1.66219,78.8691023355181,155,2008-08-01,227.622569444444
"156",156,"2008-09",19,101,28,76,3,29,0,1,0,0,2,0,0,0,239,1,4,4,1,20,1,10,222,41,273,0.813186813186813,0.879120879120879,-1.73406,78.7924266172044,156,2008-09-01,288.728819444444
"157",157,"2008-10",29,111,26,73,4,28,0,0,0,0,1,0,0,1,248,2,1,5,2,21,1,10,233,39,282,0.826241134751773,0.890070921985816,-2.74778,78.5509379500457,157,2008-10-01,258.187152777778
"158",158,"2008-11",19,81,33,60,3,17,0,0,0,0,2,0,0,0,210,0,1,2,1,10,0,9,165,52,226,0.730088495575221,0.929203539823009,-3.39325,78.1791039020109,158,2008-11-01,233.549652777778
"159",159,"2008-12",19,92,31,69,2,18,0,0,0,0,3,1,0,0,216,2,3,4,1,11,1,9,192,41,242,0.793388429752066,0.90495867768595,-3.82705,77.6297795386802,159,2008-12-01,269.157986111111
"160",160,"2009-01",15,98,26,69,1,19,0,0,0,0,1,1,0,0,216,0,0,4,0,17,0,10,197,32,239,0.824267782426778,0.907949790794979,-4.18438,77.0675907753294,160,2009-01-01,249.722569444444
"161",161,"2009-02",12,76,23,61,0,20,0,0,0,0,1,0,0,1,186,2,1,0,0,12,1,5,156,43,204,0.764705882352941,0.926470588235294,-4.12014,76.6920525333974,161,2009-02-01,219.166319444444
"162",162,"2009-03",17,119,29,83,1,31,0,0,0,0,1,2,0,1,257,3,1,3,0,20,1,5,230,54,289,0.795847750865052,0.910034602076125,-3.89601,76.2593973335328,162,2009-03-01,266.099652777778
"163",163,"2009-04",17,94,29,73,1,18,0,0,0,0,2,1,0,0,204,3,1,6,1,21,3,9,190,43,242,0.785123966942149,0.859504132231405,-3.29793,76.1228485883525,163,2009-04-01,235.949652777778
"164",164,"2009-05",19,83,23,82,1,25,0,0,0,0,0,0,0,0,225,2,0,4,0,12,0,8,189,46,243,0.777777777777778,0.934156378600823,-2.53572,75.7088669433436,164,2009-05-01,247.201736111111
"165",165,"2009-06",19,104,27,79,1,31,0,0,0,0,0,1,0,1,242,1,1,7,2,12,0,5,217,45,267,0.812734082397004,0.917602996254682,-1.90344,75.6926845731584,165,2009-06-01,263.426736111111
"166",166,"2009-07",25,115,18,85,2,22,0,0,0,0,2,0,0,0,251,1,2,3,1,20,0,8,237,35,280,0.846428571428571,0.9,-1.51804,75.6857800040112,166,2009-07-01,270.187152777778
"167",167,"2009-08",24,118,30,65,0,20,0,0,0,0,4,0,0,0,226,1,1,5,2,26,1,14,206,46,266,0.774436090225564,0.853383458646617,-1.20115,75.4989100285147,167,2009-08-01,251.622569444444
"168",168,"2009-09",25,113,27,92,2,19,0,1,0,0,0,0,0,0,256,2,3,0,2,20,0,11,231,42,284,0.813380281690141,0.908450704225352,-0.73383,75.0795829037606,168,2009-09-01,299.728819444444
"169",169,"2009-10",19,108,24,87,4,13,0,0,0,0,3,1,0,1,232,6,1,5,1,18,1,4,225,40,269,0.836431226765799,0.892193308550186,-0.66371,75.0689115637356,169,2009-10-01,245.187152777778
"170",170,"2009-11",20,85,35,79,2,15,0,0,0,1,0,0,0,1,214,2,2,4,1,16,1,5,192,45,242,0.793388429752066,0.896694214876033,-0.33103,75.2321404763051,170,2009-11-01,249.549652777778
"171",171,"2009-12",15,93,16,70,1,17,0,1,0,0,1,0,0,0,197,1,0,2,1,22,1,9,170,47,226,0.752212389380531,0.876106194690266,0.0769,74.8921972629203,171,2009-12-01,253.157986111111
"172",172,"2010-01",30,78,20,63,1,15,0,0,0,0,0,0,0,0,197,0,0,3,1,14,0,9,174,32,215,0.809302325581395,0.916279069767442,0.32777,75.2603761752826,172,2010-01-01,225.722569444444
"173",173,"2010-02",18,87,26,67,2,16,0,0,0,0,1,1,0,0,202,1,2,2,1,13,0,7,181,35,223,0.811659192825112,0.914798206278027,0.05752,75.1299578118372,173,2010-02-01,238.166319444444
"174",174,"2010-03",20,114,34,82,1,20,0,0,0,0,5,1,0,0,247,0,2,6,0,19,0,9,220,51,280,0.785714285714286,0.885714285714286,0.2811,75.0769834386955,174,2010-03-01,257.099652777778
"175",175,"2010-04",26,96,23,84,3,13,0,1,0,0,1,0,0,0,238,0,4,1,1,14,1,6,204,51,261,0.781609195402299,0.911877394636015,0.51344,75.2619166874415,175,2010-04-01,254.949652777778
"176",176,"2010-05",22,87,30,78,2,19,0,2,0,0,0,0,0,0,222,1,2,7,0,14,0,7,202,39,248,0.814516129032258,0.899193548387097,0.86035,75.0227121275233,176,2010-05-01,252.201736111111
"177",177,"2010-06",28,110,21,112,1,17,0,0,0,0,1,0,0,0,264,0,4,4,0,25,1,3,253,43,299,0.846153846153846,0.882943143812709,0.54071,75.1714012608228,177,2010-06-01,295.426736111111
"178",178,"2010-07",21,96,32,73,3,12,0,1,0,0,1,0,0,0,223,3,1,1,0,17,0,6,203,38,247,0.821862348178138,0.91497975708502,0.3982,75.132757056654,178,2010-07-01,237.187152777778
"179",179,"2010-08",31,89,25,80,5,18,0,0,0,0,1,1,0,2,231,2,2,3,0,17,1,4,221,35,260,0.85,0.907692307692308,0.51044,75.0894289079226,179,2010-08-01,245.622569444444
"180",180,"2010-09",29,94,30,68,2,9,0,1,0,0,2,1,0,1,211,3,2,0,0,21,0,2,201,39,242,0.830578512396694,0.892561983471074,0.43966,75.0751849503253,180,2010-09-01,257.728819444444
"181",181,"2010-10",13,90,36,76,6,18,0,0,0,0,0,0,0,0,217,1,3,7,0,15,1,6,198,40,244,0.811475409836066,0.89344262295082,0.55692,75.0619191454725,181,2010-10-01,220.187152777778
"182",182,"2010-11",19,90,30,72,5,15,0,0,0,0,3,1,0,1,218,1,1,3,1,14,0,7,198,38,243,0.814814814814815,0.909465020576132,0.68193,74.7618508937821,182,2010-11-01,250.549652777778
"183",183,"2010-12",17,67,25,70,2,14,0,0,0,0,1,1,0,0,184,2,0,4,0,18,0,8,168,34,210,0.8,0.89047619047619,0.85506,75.0523486327319,183,2010-12-01,237.157986111111
"184",184,"2011-01",18,93,25,61,1,11,0,0,0,0,0,2,0,1,187,2,2,1,0,20,0,8,164,43,215,0.762790697674419,0.893023255813953,0.63962,75.2030122844262,184,2011-01-01,225.722569444444
"185",185,"2011-02",15,71,31,68,0,16,0,0,0,0,0,0,0,2,172,2,3,2,0,25,0,5,169,32,206,0.820388349514563,0.854368932038835,1.03125,75.1541424703814,185,2011-02-01,221.166319444444
"186",186,"2011-03",18,94,33,79,0,21,0,0,0,0,0,2,0,0,235,0,1,1,0,18,1,10,209,39,258,0.810077519379845,0.918604651162791,0.84215,75.2318954363098,186,2011-03-01,235.099652777778
"187",187,"2011-04",18,85,30,81,1,17,0,0,0,0,2,2,0,1,203,2,2,3,0,19,2,3,189,44,236,0.800847457627119,0.88135593220339,1.08387,74.9908341131509,187,2011-04-01,229.949652777778
"188",188,"2011-05",17,80,26,66,1,17,0,0,0,0,2,1,0,0,201,2,1,6,0,6,0,6,172,41,219,0.785388127853881,0.931506849315068,0.8992,75.1605665697924,188,2011-05-01,223.201736111111
"189",189,"2011-06",24,102,24,79,3,12,0,0,0,0,0,0,0,0,236,1,0,4,0,12,0,4,211,38,253,0.83399209486166,0.936758893280632,0.80591,74.9257024585109,189,2011-06-01,249.426736111111
"190",190,"2011-07",23,96,20,70,2,10,0,0,0,0,2,1,0,0,208,0,3,2,0,16,0,9,176,47,232,0.758620689655172,0.900862068965517,0.29488,75.0588094650116,190,2011-07-01,222.187152777778
"191",191,"2011-08",21,117,28,82,8,22,0,0,0,0,1,1,0,1,262,1,1,2,1,18,0,3,236,49,288,0.819444444444444,0.920138888888889,0.04961,75.051608758104,191,2011-08-01,273.622569444444
"192",192,"2011-09",19,87,31,77,1,27,0,0,0,0,2,0,0,0,224,3,1,0,0,18,1,8,192,49,249,0.771084337349398,0.911646586345382,0.18392,74.9416472915001,192,2011-09-01,264.728819444444
"193",193,"2011-10",21,92,29,75,6,17,0,0,0,0,0,0,0,1,221,1,1,3,0,22,1,11,191,48,250,0.764,0.892,0.34689,75.0031916069723,193,2011-10-01,226.187152777778
"194",194,"2011-11",23,94,24,77,1,20,0,0,0,0,0,0,0,1,226,2,1,1,0,15,0,6,202,38,246,0.821138211382114,0.930894308943089,0.57739,75.2888024181268,194,2011-11-01,253.549652777778
"195",195,"2011-12",11,76,28,72,2,12,0,0,0,0,0,0,0,0,181,0,0,4,0,21,0,7,161,38,206,0.781553398058252,0.878640776699029,0.74046,75.4565650780121,195,2011-12-01,233.157986111111
"196",196,"2012-01",18,102,18,61,8,16,0,0,0,0,0,2,0,0,208,1,3,0,2,16,0,6,187,39,232,0.806034482758621,0.90948275862069,0.98699,75.5323839605204,196,2012-01-01,242.722569444444
"197",197,"2012-02",19,88,22,61,6,15,0,0,0,0,0,0,0,0,195,1,0,5,0,13,1,5,168,42,215,0.781395348837209,0.911627906976744,1.15212,75.52949469318,197,2012-02-01,230.166319444444
"198",198,"2012-03",19,113,27,64,3,17,0,0,0,0,0,1,0,0,228,1,3,3,0,14,1,3,198,50,251,0.788844621513944,0.916334661354582,1.10026,75.6697630695277,198,2012-03-01,228.099652777778
"199",199,"2012-04",19,103,21,74,6,12,0,0,0,0,0,2,0,0,218,2,1,1,0,21,1,11,180,55,246,0.731707317073171,0.902439024390244,0.85002,75.6519161620323,199,2012-04-01,239.949652777778
"200",200,"2012-05",21,105,28,75,7,11,0,0,0,0,0,0,0,0,226,2,3,5,0,16,0,11,196,45,252,0.777777777777778,0.904761904761905,0.70016,75.7313355330184,200,2012-05-01,256.201736111111
"201",201,"2012-06",14,90,19,74,6,23,0,0,0,0,1,1,0,1,208,1,0,2,1,16,1,9,185,38,232,0.797413793103448,0.90948275862069,0.66152,75.5971266664982,201,2012-06-01,228.426736111111
"202",202,"2012-07",16,90,25,93,3,19,0,0,0,0,1,1,0,0,233,2,4,1,0,11,1,4,214,36,254,0.84251968503937,0.929133858267717,0.6985,75.6531779052519,202,2012-07-01,244.187152777778
"203",203,"2012-08",17,104,20,74,5,23,0,0,0,0,0,2,0,0,223,1,1,4,0,15,2,7,192,49,248,0.774193548387097,0.911290322580645,0.70087,75.6784661534639,203,2012-08-01,233.622569444444
"204",204,"2012-09",18,93,25,87,2,13,0,0,0,0,0,1,0,1,226,0,5,3,0,10,0,5,203,37,246,0.82520325203252,0.926829268292683,0.80907,75.9091655141024,204,2012-09-01,261.728819444444
"205",205,"2012-10",22,125,28,88,3,19,0,0,0,0,4,0,0,1,266,1,2,2,0,17,1,6,229,59,294,0.77891156462585,0.91156462585034,0.80915,76.0576370491552,205,2012-10-01,270.187152777778
"206",206,"2012-11",21,89,30,58,3,10,0,1,0,0,0,3,0,0,191,0,3,2,0,16,0,5,166,45,216,0.768518518518518,0.898148148148148,0.59893,75.7290871868774,206,2012-11-01,223.549652777778
"207",207,"2012-12",15,71,14,65,4,19,0,0,0,0,1,1,0,0,174,2,4,0,1,15,0,6,158,34,198,0.797979797979798,0.893939393939394,0.56909,75.9257815517984,207,2012-12-01,225.157986111111
"208",208,"2013-01",24,76,25,82,2,13,0,1,0,0,1,2,0,1,199,2,3,1,1,16,1,13,175,40,228,0.767543859649123,0.894736842105263,0.42731,75.6441607751675,208,2013-01-01,238.722569444444
"209",209,"2013-02",25,77,28,69,0,12,0,0,0,0,0,2,0,0,197,2,0,2,1,14,1,5,173,39,219,0.789954337899543,0.917808219178082,0.71389,75.8286025111614,209,2013-02-01,234.166319444444
"210",210,"2013-03",17,92,23,86,1,26,0,0,0,0,1,1,0,0,221,1,1,2,0,23,0,12,195,43,250,0.78,0.892,0.61098,75.8027659860634,210,2013-03-01,227.099652777778
"211",211,"2013-04",14,80,13,86,4,24,0,1,0,0,0,0,0,2,204,1,4,3,1,12,0,14,174,40,228,0.763157894736842,0.907894736842105,0.72967,75.8698902439368,211,2013-04-01,221.949652777778
"212",212,"2013-05",17,77,23,69,3,21,0,0,0,0,1,0,0,1,198,5,1,3,1,8,0,10,155,53,218,0.711009174311927,0.935779816513762,0.75283,76.0961840613864,212,2013-05-01,222.201736111111
"213",213,"2013-06",20,89,28,53,8,18,0,0,0,0,0,1,0,0,205,1,2,5,0,11,0,7,180,37,225,0.8,0.92,0.83646,75.881218881532,213,2013-06-01,221.426736111111
"214",214,"2013-07",22,94,16,64,7,13,0,0,0,0,2,1,0,0,203,0,4,1,0,12,0,4,180,39,223,0.807174887892377,0.914798206278027,0.82091,76.0570894395226,214,2013-07-01,213.187152777778
"215",215,"2013-08",21,86,18,66,1,17,0,0,0,0,2,2,0,1,190,1,0,1,0,14,0,4,165,42,211,0.781990521327014,0.919431279620853,0.87395,75.9699104877981,215,2013-08-01,196.622569444444
"216",216,"2013-09",12,77,19,75,2,17,0,0,0,0,1,0,0,0,184,2,1,3,0,18,0,5,177,27,209,0.84688995215311,0.889952153110048,0.75471,76.0330691193621,216,2013-09-01,224.728819444444
"217",217,"2013-10",21,75,22,55,7,14,0,0,0,0,0,1,0,0,183,1,0,0,2,11,0,8,158,32,198,0.797979797979798,0.934343434343434,0.69228,75.7079624060366,217,2013-10-01,174.187152777778
"218",218,"2013-11",14,69,21,60,1,15,0,0,0,0,0,1,0,0,169,0,0,3,1,11,1,5,135,46,186,0.725806451612903,0.913978494623656,0.71704,76.089904497527,218,2013-11-01,193.549652777778
"219",219,"2013-12",18,80,18,69,2,12,0,0,0,0,0,0,0,0,178,1,4,3,0,18,0,5,157,42,204,0.769607843137255,0.877450980392157,0.77102,76.187737807409,219,2013-12-01,231.157986111111
"220",220,"2014-01",19,70,22,75,4,17,0,0,0,0,1,1,0,1,192,2,3,0,1,12,0,2,168,43,213,0.788732394366197,0.92018779342723,0.69895,76.3729589187519,220,2014-01-01,223.722569444444
"221",221,"2014-02",13,61,17,66,7,13,0,0,0,0,0,0,0,0,164,1,0,2,0,12,0,3,141,35,179,0.787709497206704,0.921787709497207,0.41903,76.3071582110005,221,2014-02-01,194.166319444444
"222",222,"2014-03",22,75,21,89,6,21,0,0,1,0,1,0,0,2,211,0,1,3,0,19,1,4,185,50,239,0.774058577405858,0.891213389121339,0.8794,76.393610591121,222,2014-03-01,216.099652777778
"223",223,"2014-04",20,83,22,66,6,19,0,0,0,0,2,2,0,0,200,1,3,3,0,15,1,5,183,38,227,0.806167400881057,0.894273127753304,1.10696,76.3969527425239,223,2014-04-01,220.949652777778
"224",224,"2014-05",19,64,22,65,2,15,0,0,0,0,2,0,0,1,170,0,0,4,0,14,1,5,150,37,192,0.78125,0.890625,1.32485,76.4840795281766,224,2014-05-01,196.201736111111
"225",225,"2014-06",22,91,20,80,2,11,0,0,0,0,0,0,0,0,194,1,2,2,1,26,1,4,179,44,227,0.788546255506608,0.859030837004405,1.07748,76.8424584885741,225,2014-06-01,223.426736111111
"226",226,"2014-07",16,84,26,64,5,14,0,0,0,0,0,0,0,1,197,1,2,2,0,13,1,6,179,31,217,0.824884792626728,0.91705069124424,1.12117,76.7341906643255,226,2014-07-01,207.187152777778
"227",227,"2014-08",16,87,20,73,3,24,0,0,0,0,0,0,0,1,206,2,1,4,2,16,1,6,183,40,233,0.785407725321888,0.896995708154506,1.17666,76.882073744841,227,2014-08-01,218.622569444444
"228",228,"2014-09",21,87,31,72,3,22,0,0,0,0,0,0,0,0,213,2,3,3,1,18,1,8,187,46,241,0.775933609958506,0.892116182572614,1.06333,76.847033534686,228,2014-09-01,256.728819444444
"229",229,"2014-10",14,96,30,71,3,29,0,0,0,0,1,2,0,0,217,6,2,4,1,16,0,11,207,31,249,0.831325301204819,0.903614457831325,1.12315,76.9266408230218,229,2014-10-01,225.187152777778
"230",230,"2014-11",19,75,17,59,1,14,0,0,0,0,0,2,0,0,163,2,5,0,0,17,1,5,152,34,191,0.795811518324607,0.87434554973822,1.19339,76.8978075475988,230,2014-11-01,198.549652777778
"231",231,"2014-12",25,86,20,65,3,11,0,0,0,0,0,0,0,1,192,3,2,3,1,16,0,5,172,41,218,0.788990825688073,0.899082568807339,1.32906,77.0448307032754,231,2014-12-01,245.157986111111
"232",232,"2015-01",14,77,22,67,2,19,0,0,0,0,1,0,0,0,178,1,2,1,0,18,3,6,155,42,204,0.759803921568627,0.877450980392157,1.23831,77.1089607314478,232,2015-01-01,214.722569444444
"233",233,"2015-02",14,66,26,66,4,19,0,0,0,0,0,0,0,0,177,0,1,2,0,19,0,5,151,43,200,0.755,0.885,1.0172,77.2087177441144,233,2015-02-01,215.166319444444
"234",234,"2015-03",14,77,21,74,1,17,0,0,0,0,0,1,0,0,188,0,6,4,0,13,1,4,162,46,213,0.76056338028169,0.887323943661972,0.9004,77.1613425013429,234,2015-03-01,190.099652777778
"235",235,"2015-04",12,76,40,72,6,15,0,0,0,0,0,0,0,0,208,1,4,2,0,11,0,5,179,42,226,0.792035398230089,0.924778761061947,0.83277,77.176793173079,235,2015-04-01,219.949652777778
"236",236,"2015-05",14,70,17,62,4,17,0,0,0,0,0,0,0,0,182,1,1,2,0,8,1,8,158,29,195,0.81025641025641,0.938461538461538,0.94745,77.2180173023209,236,2015-05-01,199.201736111111
"237",237,"2015-06",21,73,26,69,1,16,0,0,0,0,1,2,0,0,189,3,0,4,0,18,0,8,176,33,217,0.811059907834101,0.894009216589862,1.09848,77.3293879338082,237,2015-06-01,213.426736111111
"238",238,"2015-07",26,71,19,71,5,13,0,0,0,0,0,0,0,0,188,1,3,4,3,11,2,2,164,46,212,0.773584905660377,0.891509433962264,0.74876,77.2076195667937,238,2015-07-01,202.187152777778
"239",239,"2015-08",15,87,27,55,1,17,0,1,0,0,1,0,0,0,188,3,1,1,1,13,0,7,165,37,209,0.789473684210526,0.913875598086124,0.89809,77.4160319619584,239,2015-08-01,194.622569444444
"240",240,"2015-09",18,82,21,60,3,16,0,0,0,0,0,1,0,0,180,2,1,3,2,17,1,6,172,30,208,0.826923076923077,0.879807692307692,0.74457,77.4058115516792,240,2015-09-01,223.728819444444
"241",241,"2015-10",19,79,15,70,4,24,0,0,0,0,0,4,0,0,187,1,3,2,2,18,1,8,174,36,218,0.798165137614679,0.880733944954128,0.59065,77.30609810082,241,2015-10-01,194.187152777778
"242",242,"2015-11",10,62,24,51,3,19,0,0,0,0,0,0,0,0,155,0,2,4,1,12,0,6,139,28,174,0.798850574712644,0.890804597701149,0.92779,77.4129239014169,242,2015-11-01,181.549652777778
"243",243,"2015-12",14,56,15,50,2,21,0,0,0,0,0,2,0,0,148,0,0,2,0,11,0,4,135,24,163,0.828220858895706,0.920245398773006,0.93267,77.4087094703103,243,2015-12-01,190.157986111111
"244",244,"2016-01",11,75,21,58,3,17,0,0,0,0,0,3,0,0,178,0,3,3,1,7,0,3,159,33,195,0.815384615384615,0.928205128205128,0.50057,77.6844790103476,244,2016-01-01,205.722569444444
"245",245,"2016-02",21,81,21,57,2,21,0,0,0,0,1,1,0,0,185,4,2,1,2,13,0,4,167,38,209,0.799043062200957,0.909090909090909,0.4784,77.7498638018779,245,2016-02-01,224.166319444444
"246",246,"2016-03",15,75,34,76,2,18,0,0,0,0,0,0,0,1,199,1,5,4,1,19,0,5,187,36,230,0.81304347826087,0.873913043478261,0.39176,77.8957650877058,246,2016-03-01,207.099652777778
"247",247,"2016-04",20,77,12,85,3,14,0,0,0,0,0,0,0,0,188,4,2,5,0,17,0,3,172,41,216,0.796296296296296,0.888888888888889,0.43391,77.7255000798012,247,2016-04-01,209.949652777778
"248",248,"2016-05",17,79,24,82,3,17,0,0,0,0,1,1,0,0,195,3,5,3,0,19,1,8,187,33,228,0.820175438596491,0.87280701754386,0.60085,77.9239128195751,248,2016-05-01,232.201736111111
"249",249,"2016-06",18,74,20,78,1,16,0,0,0,0,0,2,0,0,191,1,1,2,0,14,0,3,181,27,211,0.85781990521327,0.919431279620853,0.63307,77.9268976760767,249,2016-06-01,207.426736111111
"250",250,"2016-07",18,71,26,62,5,13,0,0,0,0,1,0,0,1,188,2,2,0,0,9,0,5,160,38,203,0.788177339901478,0.940886699507389,0.60731,77.9835270406024,250,2016-07-01,193.187152777778
"251",251,"2016-08",18,70,22,85,1,17,0,0,0,0,0,1,0,0,201,0,1,2,1,8,2,6,169,40,216,0.782407407407407,0.935185185185185,0.7067,77.8726024820671,251,2016-08-01,201.622569444444
"252",252,"2016-09",8,79,21,64,6,18,0,0,0,0,0,0,0,0,186,1,0,5,0,11,1,9,161,33,204,0.78921568627451,0.916666666666667,0.75908,77.9568816436772,252,2016-09-01,219.728819444444
